{"stats":{"minecraft:mined":{"minecraft:torch":3,"minecraft:spawner":2,"minecraft:granite":8,"minecraft:chest":1,"minecraft:dandelion":2,"minecraft:coal_ore":120,"minecraft:diorite":13,"minecraft:oak_planks":3,"minecraft:cobblestone":40,"minecraft:sugar_cane":9,"minecraft:white_bed":3,"minecraft:short_grass":108,"minecraft:brown_mushroom":2,"minecraft:oak_leaves":8,"minecraft:furnace":4,"minecraft:crafting_table":7,"minecraft:birch_log":13,"minecraft:deepslate_redstone_ore":11,"minecraft:leaf_litter":5,"minecraft:sweet_berry_bush":4,"minecraft:large_fern":1,"minecraft:obsidian":10,"minecraft:copper_ore":1,"minecraft:cave_vines":4,"minecraft:tall_grass":8,"minecraft:pointed_dripstone":1,"minecraft:dirt":17,"minecraft:birch_leaves":1,"minecraft:andesite":3,"minecraft:oak_fence":2,"minecraft:grass_block":11,"minecraft:cobweb":39,"minecraft:cave_vines_plant":4,"minecraft:spruce_leaves":3,"minecraft:deepslate_gold_ore":14,"minecraft:moss_carpet":1,"minecraft:tuff":7,"minecraft:deepslate":66,"minecraft:deepslate_lapis_ore":8,"minecraft:deepslate_diamond_ore":4,"minecraft:deepslate_iron_ore":29,"minecraft:dripstone_block":10,"minecraft:oak_log":25,"minecraft:iron_ore":74,"minecraft:stone":134},"minecraft:crafted":{"minecraft:stone_sword":1,"minecraft:birch_planks":24,"minecraft:stone_pickaxe":1,"minecraft:cooked_mutton":13,"minecraft:iron_chestplate":1,"minecraft:iron_boots":1,"minecraft:stick":52,"minecraft:charcoal":2,"minecraft:wooden_pickaxe":1,"minecraft:cooked_porkchop":12,"minecraft:iron_helmet":1,"minecraft:diamond_pickaxe":1,"minecraft:chest":3,"minecraft:furnace":3,"minecraft:iron_ingot":45,"minecraft:stone":1,"minecraft:tripwire_hook":2,"minecraft:crafting_table":3,"minecraft:torch":116,"minecraft:white_bed":1,"minecraft:shield":1,"minecraft:stone_axe":1,"minecraft:oak_planks":92,"minecraft:crossbow":1,"minecraft:iron_pickaxe":2,"minecraft:iron_sword":1,"minecraft:iron_axe":1,"minecraft:iron_leggings":1},"minecraft:killed_by":{"minecraft:player":1,"minecraft:zombie":1,"minecraft:cave_spider":1},"minecraft:dropped":{"minecraft:rotten_flesh":1,"minecraft:cobblestone":29,"minecraft:pointed_dripstone":9,"minecraft:andesite":4,"minecraft:coarse_dirt":3,"minecraft:sweet_berries":3,"minecraft:leaf_litter":14,"minecraft:string":1,"minecraft:iron_sword":1,"minecraft:dirt":1,"minecraft:raw_iron":2,"minecraft:stone":1,"minecraft:granite":4,"minecraft:dripstone_block":10,"minecraft:spider_eye":1,"minecraft:oak_fence":2,"minecraft:feather":8,"minecraft:oak_sapling":5},"minecraft:used":{"minecraft:stone_axe":84,"minecraft:iron_axe":3,"minecraft:iron_leggings":1,"minecraft:cobbled_deepslate":68,"minecraft:shield":96,"minecraft:iron_pickaxe":305,"minecraft:moss_carpet":1,"minecraft:iron_sword":136,"minecraft:glow_berries":17,"minecraft:rotten_flesh":1,"minecraft:water_bucket":7,"minecraft:diamond_pickaxe":135,"minecraft:cooked_mutton":11,"minecraft:furnace":5,"minecraft:cooked_porkchop":12,"minecraft:blue_egg":1,"minecraft:bread":3,"minecraft:granite":4,"minecraft:torch":110,"minecraft:dirt":40,"minecraft:iron_boots":1,"minecraft:stone_sword":181,"minecraft:sweet_berries":15,"minecraft:diorite":1,"minecraft:wooden_pickaxe":14,"minecraft:cobblestone":148,"minecraft:bucket":8,"minecraft:crafting_table":7,"minecraft:chest":4,"minecraft:iron_helmet":1,"minecraft:iron_chestplate":1,"minecraft:dandelion":1,"minecraft:white_bed":4,"minecraft:stone_pickaxe":130},"minecraft:custom":{"minecraft:time_since_rest":61901,"minecraft:leave_game":1,"minecraft:damage_taken":2508,"minecraft:mob_kills":51,"minecraft:time_since_death":61862,"minecraft:interact_with_furnace":43,"minecraft:sleep_in_bed":2,"minecraft:total_world_time":169940,"minecraft:crouch_one_cm":1039,"minecraft:deaths":3,"minecraft:climb_one_cm":205,"minecraft:damage_blocked_by_shield":2251,"minecraft:interact_with_crafting_table":29,"minecraft:walk_one_cm":424571,"minecraft:walk_under_water_one_cm":2428,"minecraft:damage_dealt":6587,"minecraft:play_time":169940,"minecraft:jump":3248,"minecraft:drop":21,"minecraft:sprint_one_cm":388887,"minecraft:open_chest":32,"minecraft:fall_one_cm":81762,"minecraft:fly_one_cm":417886,"minecraft:walk_on_water_one_cm":7985,"minecraft:sneak_time":2142},"minecraft:killed":{"minecraft:zombie":10,"minecraft:skeleton":3,"minecraft:chicken":5,"minecraft:sheep":11,"minecraft:pig":6,"minecraft:cow":1,"minecraft:spider":10},"minecraft:picked_up":{"minecraft:name_tag":1,"minecraft:sweet_berries":38,"minecraft:cobblestone":330,"minecraft:white_bed":4,"minecraft:bucket":1,"minecraft:sugar_cane":22,"minecraft:bone":3,"minecraft:redstone":48,"minecraft:brown_mushroom":2,"minecraft:stone_pickaxe":1,"minecraft:glow_berries":12,"minecraft:moss_carpet":1,"minecraft:diamond":5,"minecraft:iron_sword":2,"minecraft:granite":16,"minecraft:iron_horse_armor":1,"minecraft:porkchop":15,"minecraft:stick":2,"minecraft:black_wool":1,"minecraft:chicken":7,"minecraft:bow":1,"minecraft:raw_iron":128,"minecraft:cobbled_deepslate":68,"minecraft:pointed_dripstone":9,"minecraft:enchanted_golden_apple":1,"minecraft:raw_gold":14,"minecraft:stone_sword":2,"minecraft:stone_axe":3,"minecraft:dandelion":1,"minecraft:mutton":14,"minecraft:chest":1,"minecraft:iron_chestplate":1,"minecraft:dirt":82,"minecraft:blue_egg":1,"minecraft:brown_wool":2,"minecraft:light_gray_wool":1,"minecraft:torch":33,"minecraft:dripstone_block":10,"minecraft:tuff":8,"minecraft:leaf_litter":14,"minecraft:coal":216,"minecraft:oak_log":47,"minecraft:oak_fence":4,"minecraft:birch_log":19,"minecraft:furnace":4,"minecraft:wheat_seeds":19,"minecraft:shield":1,"minecraft:lapis_lazuli":56,"minecraft:iron_pickaxe":1,"minecraft:spider_eye":11,"minecraft:egg":2,"minecraft:diorite":11,"minecraft:wooden_pickaxe":1,"minecraft:feather":12,"minecraft:white_wool":12,"minecraft:oak_planks":41,"minecraft:crafting_table":10,"minecraft:snowball":16,"minecraft:raw_copper":8,"minecraft:oak_sapling":10,"minecraft:andesite":7,"minecraft:rotten_flesh":49,"minecraft:beef":11,"minecraft:string":110,"minecraft:obsidian":10,"minecraft:gray_wool":2},"minecraft:broken":{"minecraft:iron_pickaxe":1}},"DataVersion":4325}