{"stats":{"minecraft:mined":{"minecraft:torch":2,"minecraft:spawner":1,"minecraft:spruce_log":10,"minecraft:chest":2,"minecraft:gravel":2,"minecraft:short_grass":27,"minecraft:brown_mushroom":1,"minecraft:crafting_table":6,"minecraft:deepslate_redstone_ore":6,"minecraft:leaf_litter":7,"minecraft:sweet_berry_bush":7,"minecraft:large_fern":12,"minecraft:coarse_dirt":18,"minecraft:firefly_bush":1,"minecraft:andesite":17,"minecraft:oak_fence":4,"minecraft:moss_block":2,"minecraft:deepslate_gold_ore":6,"minecraft:ice":1,"minecraft:wall_torch":14,"minecraft:fern":35,"minecraft:deepslate_diamond_ore":4,"minecraft:deepslate_iron_ore":8,"minecraft:dripstone_block":3,"minecraft:iron_ore":61,"minecraft:stone":153,"minecraft:granite":9,"minecraft:podzol":2,"minecraft:coal_ore":39,"minecraft:diorite":4,"minecraft:oak_planks":7,"minecraft:cobblestone":13,"minecraft:white_bed":1,"minecraft:oak_leaves":13,"minecraft:furnace":5,"minecraft:clay":1,"minecraft:tall_grass":5,"minecraft:pointed_dripstone":16,"minecraft:dirt":24,"minecraft:mossy_cobblestone":2,"minecraft:grass_block":9,"minecraft:cobweb":58,"minecraft:spruce_leaves":9,"minecraft:white_wool":3,"minecraft:moss_carpet":1,"minecraft:tuff":2,"minecraft:deepslate":43,"minecraft:oak_log":21,"minecraft:dead_bush":1},"minecraft:crafted":{"minecraft:stone_sword":1,"minecraft:birch_planks":28,"minecraft:stone_pickaxe":3,"minecraft:cooked_mutton":14,"minecraft:spruce_door":3,"minecraft:iron_chestplate":1,"minecraft:iron_boots":1,"minecraft:stick":60,"minecraft:charcoal":5,"minecraft:wooden_pickaxe":1,"minecraft:cooked_beef":19,"minecraft:iron_helmet":2,"minecraft:diamond_pickaxe":1,"minecraft:furnace":2,"minecraft:iron_ingot":34,"minecraft:crafting_table":1,"minecraft:torch":172,"minecraft:white_bed":1,"minecraft:shield":1,"minecraft:stone_axe":2,"minecraft:oak_planks":60,"minecraft:spruce_planks":20,"minecraft:iron_pickaxe":1,"minecraft:iron_sword":1,"minecraft:iron_leggings":1},"minecraft:killed_by":{"minecraft:zombie":1},"minecraft:dropped":{"minecraft:rotten_flesh":26,"minecraft:cobblestone":58,"minecraft:andesite":1,"minecraft:brown_mushroom":1,"minecraft:mossy_cobblestone":1,"minecraft:oak_log":11,"minecraft:dirt":12,"minecraft:light_gray_carpet":1,"minecraft:raw_copper":4,"minecraft:wheat_seeds":18,"minecraft:granite":1,"minecraft:spider_eye":1,"minecraft:firefly_bush":2,"minecraft:coal":8,"minecraft:oak_sapling":4},"minecraft:used":{"minecraft:stone_axe":116,"minecraft:iron_leggings":1,"minecraft:cobbled_deepslate":42,"minecraft:shield":2,"minecraft:iron_pickaxe":192,"minecraft:iron_sword":38,"minecraft:birch_planks":16,"minecraft:cooked_mutton":5,"minecraft:furnace":6,"minecraft:granite":1,"minecraft:torch":184,"minecraft:dirt":9,"minecraft:iron_boots":1,"minecraft:coarse_dirt":5,"minecraft:stone_sword":108,"minecraft:sweet_berries":27,"minecraft:chicken":7,"minecraft:spruce_planks":11,"minecraft:wooden_pickaxe":45,"minecraft:spruce_door":1,"minecraft:oak_log":1,"minecraft:white_wool":12,"minecraft:cobblestone":106,"minecraft:stone":1,"minecraft:cooked_beef":6,"minecraft:crafting_table":7,"minecraft:chest":2,"minecraft:iron_helmet":1,"minecraft:snowball":16,"minecraft:iron_chestplate":1,"minecraft:oak_planks":15,"minecraft:beef":6,"minecraft:porkchop":5,"minecraft:egg":2,"minecraft:white_bed":2,"minecraft:stone_pickaxe":201},"minecraft:custom":{"minecraft:time_since_rest":13461,"minecraft:leave_game":4,"minecraft:damage_taken":1563,"minecraft:mob_kills":60,"minecraft:time_since_death":92783,"minecraft:interact_with_furnace":49,"minecraft:sleep_in_bed":3,"minecraft:swim_one_cm":4450,"minecraft:total_world_time":164667,"minecraft:crouch_one_cm":2431,"minecraft:deaths":2,"minecraft:climb_one_cm":126,"minecraft:player_kills":1,"minecraft:animals_bred":1,"minecraft:damage_blocked_by_shield":25,"minecraft:interact_with_crafting_table":34,"minecraft:walk_one_cm":612672,"minecraft:walk_under_water_one_cm":6053,"minecraft:damage_dealt":6267,"minecraft:play_time":164667,"minecraft:jump":1753,"minecraft:drop":115,"minecraft:sprint_one_cm":448874,"minecraft:open_chest":24,"minecraft:fall_one_cm":24696,"minecraft:fly_one_cm":160614,"minecraft:walk_on_water_one_cm":9466,"minecraft:sneak_time":839},"minecraft:killed":{"minecraft:zombie":10,"minecraft:skeleton":3,"minecraft:cave_spider":4,"minecraft:creeper":1,"minecraft:rabbit":1,"minecraft:chicken":3,"minecraft:sheep":10,"minecraft:pig":2,"minecraft:cow":9,"minecraft:spider":2},"minecraft:picked_up":{"minecraft:sweet_berries":19,"minecraft:rabbit":1,"minecraft:cobblestone":212,"minecraft:white_bed":2,"minecraft:sugar_cane":12,"minecraft:leather":11,"minecraft:bone":7,"minecraft:redstone":27,"minecraft:brown_mushroom":1,"minecraft:firefly_bush":2,"minecraft:clay_ball":4,"minecraft:diamond":4,"minecraft:granite":2,"minecraft:porkchop":10,"minecraft:stick":6,"minecraft:redstone_torch":1,"minecraft:black_wool":1,"minecraft:chicken":9,"minecraft:bow":1,"minecraft:arrow":4,"minecraft:iron_ingot":5,"minecraft:raw_iron":87,"minecraft:cobbled_deepslate":42,"minecraft:pointed_dripstone":18,"minecraft:raw_gold":6,"minecraft:stone_axe":1,"minecraft:mossy_cobblestone":1,"minecraft:mutton":14,"minecraft:chest":2,"minecraft:dirt":57,"minecraft:light_gray_carpet":4,"minecraft:brown_wool":3,"minecraft:coarse_dirt":18,"minecraft:stone":1,"minecraft:light_gray_wool":1,"minecraft:torch":15,"minecraft:dripstone_block":10,"minecraft:spruce_log":10,"minecraft:leaf_litter":26,"minecraft:coal":76,"minecraft:oak_log":32,"minecraft:oak_fence":4,"minecraft:birch_log":7,"minecraft:furnace":5,"minecraft:wheat_seeds":23,"minecraft:spider_eye":2,"minecraft:egg":2,"minecraft:wooden_pickaxe":2,"minecraft:feather":11,"minecraft:white_wool":20,"minecraft:oak_planks":7,"minecraft:crafting_table":8,"minecraft:snowball":22,"minecraft:raw_copper":4,"minecraft:oak_sapling":9,"minecraft:andesite":18,"minecraft:rotten_flesh":32,"minecraft:beef":29,"minecraft:string":58,"minecraft:white_carpet":9,"minecraft:gray_wool":3},"minecraft:broken":{"minecraft:stone_sword":1,"minecraft:stone_pickaxe":1}},"DataVersion":4325}